{
  "rouge_1": {
    "mean": 0.7683615819209039,
    "std": 0.0,
    "p10": 0.7683615819209039,
    "p50": 0.7683615819209039,
    "p90": 0.7683615819209039
  },
  "rouge_2": {
    "mean": 0.5714285714285715,
    "std": 0.0,
    "p10": 0.5714285714285715,
    "p50": 0.5714285714285715,
    "p90": 0.5714285714285715
  },
  "rouge_l": {
    "mean": 0.6779661016949152,
    "std": 0.0,
    "p10": 0.6779661016949152,
    "p50": 0.6779661016949152,
    "p90": 0.6779661016949152
  },
  "bertscore_f1": {
    "mean": 0.0,
    "std": 0.0,
    "p10": 0.0,
    "p50": 0.0,
    "p90": 0.0
  },
  "meteor": {
    "mean": 0.573145516620212,
    "std": 0.0,
    "p10": 0.573145516620212,
    "p50": 0.573145516620212,
    "p90": 0.573145516620212
  },
  "flesch_kincaid_grade": {
    "mean": 4.319318885448915,
    "std": 0.0,
    "p10": 4.319318885448915,
    "p50": 4.319318885448915,
    "p90": 4.319318885448915
  },
  "numeric_accuracy_rate": {
    "mean": 1.0,
    "std": 0.0,
    "p10": 1.0,
    "p50": 1.0,
    "p90": 1.0
  },
  "hallucination_rate": {
    "mean": 0.0,
    "std": 0.0,
    "p10": 0.0,
    "p50": 0.0,
    "p90": 0.0
  },
  "omission_rate": {
    "mean": 0.0,
    "std": 0.0,
    "p10": 0.0,
    "p50": 0.0,
    "p90": 0.0
  },
  "severity_weighted_omission_score": {
    "mean": 0.0,
    "std": 0.0,
    "p10": 0.0,
    "p50": 0.0,
    "p90": 0.0
  },
  "numeric_drift_index": {
    "mean": 0.0,
    "std": 0.0,
    "p10": 0.0,
    "p50": 0.0,
    "p90": 0.0
  },
  "arm_confusion_rate": {
    "mean": 0.0,
    "std": 0.0,
    "p10": 0.0,
    "p50": 0.0,
    "p90": 0.0
  },
  "safety_score": {
    "mean": 1.0,
    "std": 0.0,
    "p10": 1.0,
    "p50": 1.0,
    "p90": 1.0
  },
  "fluency_score": {
    "mean": 0.3466762096635275,
    "std": 0.0,
    "p10": 0.3466762096635275,
    "p50": 0.3466762096635275,
    "p90": 0.3466762096635275
  },
  "_meta": {
    "tier": "tier1",
    "mode": "ml",
    "n_examples": 1,
    "timestamp": "20260318_001640",
    "bertscore_model": "distilbert-base-uncased",
    "numeric_tolerance": 0.01,
    "mean_latency_ms": 0.0
  }
}