{
  "rouge_1": {
    "mean": 0.7676427908705943,
    "std": 0.0031890365895258965,
    "p10": 0.7630057803468209,
    "p50": 0.7683615819209039,
    "p90": 0.770949720670391
  },
  "rouge_2": {
    "mean": 0.5711712569773058,
    "std": 0.004755684281403199,
    "p10": 0.5647058823529413,
    "p50": 0.5714285714285715,
    "p90": 0.576271186440678
  },
  "rouge_l": {
    "mean": 0.6865408351533873,
    "std": 0.00960657187980935,
    "p10": 0.6779661016949152,
    "p50": 0.6815642458100558,
    "p90": 0.7011494252873562
  },
  "bertscore_f1": {
    "mean": 0.0,
    "std": 0.0,
    "p10": 0.0,
    "p50": 0.0,
    "p90": 0.0
  },
  "meteor": {
    "mean": 0.5721916460363384,
    "std": 0.014242030193742393,
    "p10": 0.5552457734393066,
    "p50": 0.5725622848408105,
    "p90": 0.5825834542815675
  },
  "flesch_kincaid_grade": {
    "mean": 4.136218709075491,
    "std": 0.7511271938251962,
    "p10": 3.2908771929824603,
    "p50": 4.008203463203465,
    "p90": 5.402241653418127
  },
  "numeric_accuracy_rate": {
    "mean": 1.0,
    "std": 0.0,
    "p10": 1.0,
    "p50": 1.0,
    "p90": 1.0
  },
  "hallucination_rate": {
    "mean": 0.0,
    "std": 0.0,
    "p10": 0.0,
    "p50": 0.0,
    "p90": 0.0
  },
  "omission_rate": {
    "mean": 0.0,
    "std": 0.0,
    "p10": 0.0,
    "p50": 0.0,
    "p90": 0.0
  },
  "severity_weighted_omission_score": {
    "mean": 0.0,
    "std": 0.0,
    "p10": 0.0,
    "p50": 0.0,
    "p90": 0.0
  },
  "numeric_drift_index": {
    "mean": 0.0,
    "std": 0.0,
    "p10": 0.0,
    "p50": 0.0,
    "p90": 0.0
  },
  "arm_confusion_rate": {
    "mean": 0.8952473734460117,
    "std": 0.07428561857656334,
    "p10": 0.8,
    "p50": 0.9,
    "p90": 1.0
  },
  "risk_deflation_index": {
    "mean": 0.0,
    "std": 0.0,
    "p10": 0.0,
    "p50": 0.0,
    "p90": 0.0
  },
  "risk_inflation_index": {
    "mean": 0.0,
    "std": 0.0,
    "p10": 0.0,
    "p50": 0.0,
    "p90": 0.0
  },
  "delta_preservation_error": {
    "mean": 0.0,
    "std": 0.0,
    "p10": 0.0,
    "p50": 0.0,
    "p90": 0.0
  },
  "contraindication_omission_rate": {
    "mean": 0.04878048780487805,
    "std": 0.14836006171459074,
    "p10": 0.0,
    "p50": 0.0,
    "p90": 0.0
  },
  "safety_score": {
    "mean": 0.8209505253107976,
    "std": 0.014857123715312668,
    "p10": 0.8,
    "p50": 0.8200000000000001,
    "p90": 0.8400000000000001
  },
  "fluency_score": {
    "mean": 0.3490101620551007,
    "std": 0.004243845684509017,
    "p10": 0.344518617372969,
    "p50": 0.3476796750014065,
    "p90": 0.3551126728391292
  },
  "_meta": {
    "tier": "tier1",
    "mode": "ml",
    "n_examples": 41,
    "timestamp": "20260318_235925",
    "bertscore_model": "distilbert-base-uncased",
    "numeric_tolerance": 0.01,
    "mean_latency_ms": 0.0
  }
}