{
  "rouge_1": {
    "mean": 0.7932592625079068,
    "std": 0.013986703282690513,
    "p10": 0.7810650887573964,
    "p50": 0.7975460122699387,
    "p90": 0.8047337278106508
  },
  "rouge_2": {
    "mean": 0.5855025762004415,
    "std": 0.01662004496506542,
    "p10": 0.5696969696969697,
    "p50": 0.5868263473053892,
    "p90": 0.6027397260273973
  },
  "rouge_l": {
    "mean": 0.7374364023106887,
    "std": 0.011820267083908029,
    "p10": 0.7272727272727273,
    "p50": 0.7397260273972602,
    "p90": 0.7484662576687117
  },
  "bertscore_f1": {
    "mean": 0.0,
    "std": 0.0,
    "p10": 0.0,
    "p50": 0.0,
    "p90": 0.0
  },
  "meteor": {
    "mean": 0.5733670867166931,
    "std": 0.012406258577958816,
    "p10": 0.5561145196025125,
    "p50": 0.576203386605784,
    "p90": 0.5840275843404037
  },
  "flesch_kincaid_grade": {
    "mean": 3.85065392369371,
    "std": 0.6867072937983928,
    "p10": 3.025110294117649,
    "p50": 3.76261029411765,
    "p90": 4.960056022408963
  },
  "numeric_accuracy_rate": {
    "mean": 0.9505844761033629,
    "std": 0.02072551499799858,
    "p10": 0.9230769230769231,
    "p50": 0.96,
    "p90": 0.9655172413793104
  },
  "hallucination_rate": {
    "mean": 0.16376306620209058,
    "std": 0.06976530812499938,
    "p10": 0.125,
    "p50": 0.125,
    "p90": 0.25
  },
  "omission_rate": {
    "mean": 0.0,
    "std": 0.0,
    "p10": 0.0,
    "p50": 0.0,
    "p90": 0.0
  },
  "severity_weighted_omission_score": {
    "mean": 0.0,
    "std": 0.0,
    "p10": 0.0,
    "p50": 0.0,
    "p90": 0.0
  },
  "numeric_drift_index": {
    "mean": 0.010490001236074598,
    "std": 0.05504587330045559,
    "p10": 0.0006052963430012624,
    "p50": 0.0008333333333333304,
    "p90": 0.0023242130038246575
  },
  "arm_confusion_rate": {
    "mean": 0.5068077764118987,
    "std": 0.01929901650247751,
    "p10": 0.5,
    "p50": 0.5,
    "p90": 0.5263157894736842
  },
  "risk_deflation_index": {
    "mean": 0.0,
    "std": 0.0,
    "p10": 0.0,
    "p50": 0.0,
    "p90": 0.0
  },
  "risk_inflation_index": {
    "mean": 0.017193003677420857,
    "std": 0.005596502804438106,
    "p10": 0.01479654747225651,
    "p50": 0.017883755588673667,
    "p90": 0.02209944751381221
  },
  "delta_preservation_error": {
    "mean": 0.0,
    "std": 0.0,
    "p10": 0.0,
    "p50": 0.0,
    "p90": 0.0
  },
  "contraindication_omission_rate": {
    "mean": 0.04878048780487805,
    "std": 0.14836006171459074,
    "p10": 0.0,
    "p50": 0.0,
    "p90": 0.0
  },
  "safety_score": {
    "mean": 0.8404022448032745,
    "std": 0.023603440495663885,
    "p10": 0.8070652173913043,
    "p50": 0.8504021739130435,
    "p90": 0.8566810344827586
  },
  "fluency_score": {
    "mean": 0.3645726923723799,
    "std": 0.004764385906620697,
    "p10": 0.3586089908380167,
    "p50": 0.3653138575127601,
    "p90": 0.3695053921059914
  },
  "_meta": {
    "tier": "tier1",
    "mode": "finetuned",
    "n_examples": 41,
    "timestamp": "20260318_232936",
    "bertscore_model": "distilbert-base-uncased",
    "numeric_tolerance": 0.01,
    "mean_latency_ms": 0.0
  }
}