{
  "rouge_1": {
    "mean": 0.8153314523017369,
    "std": 0.013094043703399585,
    "p10": 0.7972972972972973,
    "p50": 0.8165680473372782,
    "p90": 0.8263473053892216
  },
  "rouge_2": {
    "mean": 0.5975917476767516,
    "std": 0.01698016491184549,
    "p10": 0.5766871165644172,
    "p50": 0.6012269938650308,
    "p90": 0.6164383561643835
  },
  "rouge_l": {
    "mean": 0.7300366040414997,
    "std": 0.015126561607322519,
    "p10": 0.7185628742514969,
    "p50": 0.7305389221556886,
    "p90": 0.7484662576687117
  },
  "bertscore_f1": {
    "mean": 0.0,
    "std": 0.0,
    "p10": 0.0,
    "p50": 0.0,
    "p90": 0.0
  },
  "meteor": {
    "mean": 0.5852934189409004,
    "std": 0.01294567997332441,
    "p10": 0.5675646551724138,
    "p50": 0.5878305024279779,
    "p90": 0.595966599342839
  },
  "flesch_kincaid_grade": {
    "mean": 3.799969621924221,
    "std": 0.7168568942399839,
    "p10": 2.9435416666666683,
    "p50": 3.722675521821632,
    "p90": 4.960056022408963
  },
  "numeric_accuracy_rate": {
    "mean": 0.9862135624168024,
    "std": 0.019975464093665456,
    "p10": 0.96,
    "p50": 1.0,
    "p90": 1.0
  },
  "hallucination_rate": {
    "mean": 0.04616724738675958,
    "std": 0.06681247132071308,
    "p10": 0.0,
    "p50": 0.0,
    "p90": 0.125
  },
  "omission_rate": {
    "mean": 0.0,
    "std": 0.0,
    "p10": 0.0,
    "p50": 0.0,
    "p90": 0.0
  },
  "severity_weighted_omission_score": {
    "mean": 0.0,
    "std": 0.0,
    "p10": 0.0,
    "p50": 0.0,
    "p90": 0.0
  },
  "numeric_drift_index": {
    "mean": 0.009807627236007616,
    "std": 0.055020659696898185,
    "p10": 0.0,
    "p50": 0.0,
    "p90": 0.0015151515151515165
  },
  "arm_confusion_rate": {
    "mean": 0.49382484940781524,
    "std": 0.017515367156423583,
    "p10": 0.47619047619047616,
    "p50": 0.5,
    "p90": 0.5
  },
  "risk_deflation_index": {
    "mean": 0.0,
    "std": 0.0,
    "p10": 0.0,
    "p50": 0.0,
    "p90": 0.0
  },
  "risk_inflation_index": {
    "mean": 0.0,
    "std": 0.0,
    "p10": 0.0,
    "p50": 0.0,
    "p90": 0.0
  },
  "delta_preservation_error": {
    "mean": 0.0,
    "std": 0.0,
    "p10": 0.0,
    "p50": 0.0,
    "p90": 0.0
  },
  "contraindication_omission_rate": {
    "mean": 0.04878048780487805,
    "std": 0.14836006171459074,
    "p10": 0.0,
    "p50": 0.0,
    "p90": 0.0
  },
  "safety_score": {
    "mean": 0.8848679651176278,
    "std": 0.024968831985976655,
    "p10": 0.8535326086956522,
    "p50": 0.9,
    "p90": 0.9047619047619049
  },
  "fluency_score": {
    "mean": 0.365334335947675,
    "std": 0.005486440706683521,
    "p10": 0.3580152339864492,
    "p50": 0.36555969717298786,
    "p90": 0.3724121710615399
  },
  "_meta": {
    "tier": "tier1",
    "mode": "finetuned",
    "n_examples": 41,
    "timestamp": "20260318_235925",
    "bertscore_model": "distilbert-base-uncased",
    "numeric_tolerance": 0.01,
    "mean_latency_ms": 0.0
  }
}