{
  "rouge_1": {
    "mean": 0.8263473053892216,
    "std": 0.0,
    "p10": 0.8263473053892216,
    "p50": 0.8263473053892216,
    "p90": 0.8263473053892216
  },
  "rouge_2": {
    "mean": 0.6060606060606061,
    "std": 0.0,
    "p10": 0.6060606060606061,
    "p50": 0.6060606060606061,
    "p90": 0.6060606060606061
  },
  "rouge_l": {
    "mean": 0.7425149700598802,
    "std": 0.0,
    "p10": 0.7425149700598802,
    "p50": 0.7425149700598802,
    "p90": 0.7425149700598802
  },
  "bertscore_f1": {
    "mean": 0.0,
    "std": 0.0,
    "p10": 0.0,
    "p50": 0.0,
    "p90": 0.0
  },
  "meteor": {
    "mean": 0.5886854312284666,
    "std": 0.0,
    "p10": 0.5886854312284666,
    "p50": 0.5886854312284666,
    "p90": 0.5886854312284666
  },
  "flesch_kincaid_grade": {
    "mean": 4.131360294117648,
    "std": 0.0,
    "p10": 4.131360294117648,
    "p50": 4.131360294117648,
    "p90": 4.131360294117648
  },
  "numeric_accuracy_rate": {
    "mean": 1.0,
    "std": 0.0,
    "p10": 1.0,
    "p50": 1.0,
    "p90": 1.0
  },
  "hallucination_rate": {
    "mean": 0.0,
    "std": 0.0,
    "p10": 0.0,
    "p50": 0.0,
    "p90": 0.0
  },
  "omission_rate": {
    "mean": 0.0,
    "std": 0.0,
    "p10": 0.0,
    "p50": 0.0,
    "p90": 0.0
  },
  "severity_weighted_omission_score": {
    "mean": 0.0,
    "std": 0.0,
    "p10": 0.0,
    "p50": 0.0,
    "p90": 0.0
  },
  "numeric_drift_index": {
    "mean": 0.0,
    "std": 0.0,
    "p10": 0.0,
    "p50": 0.0,
    "p90": 0.0
  },
  "arm_confusion_rate": {
    "mean": 0.5238095238095238,
    "std": 0.0,
    "p10": 0.5238095238095238,
    "p50": 0.5238095238095238,
    "p90": 0.5238095238095238
  },
  "safety_score": {
    "mean": 0.8952380952380953,
    "std": 0.0,
    "p10": 0.8952380952380953,
    "p50": 0.8952380952380953,
    "p90": 0.8952380952380953
  },
  "fluency_score": {
    "mean": 0.3699258488250807,
    "std": 0.0,
    "p10": 0.3699258488250807,
    "p50": 0.3699258488250807,
    "p90": 0.3699258488250807
  },
  "_meta": {
    "tier": "tier1",
    "mode": "finetuned",
    "n_examples": 1,
    "timestamp": "20260318_001640",
    "bertscore_model": "distilbert-base-uncased",
    "numeric_tolerance": 0.01,
    "mean_latency_ms": 0.0
  }
}