{
  "rouge_1": {
    "mean": 0.5341614906832299,
    "std": 0.0,
    "p10": 0.5341614906832299,
    "p50": 0.5341614906832299,
    "p90": 0.5341614906832299
  },
  "rouge_2": {
    "mean": 0.22641509433962265,
    "std": 0.0,
    "p10": 0.22641509433962265,
    "p50": 0.22641509433962265,
    "p90": 0.22641509433962265
  },
  "rouge_l": {
    "mean": 0.4472049689440994,
    "std": 0.0,
    "p10": 0.4472049689440994,
    "p50": 0.4472049689440994,
    "p90": 0.4472049689440994
  },
  "bertscore_f1": {
    "mean": 0.0,
    "std": 0.0,
    "p10": 0.0,
    "p50": 0.0,
    "p90": 0.0
  },
  "meteor": {
    "mean": 0.19206706706706708,
    "std": 0.0,
    "p10": 0.19206706706706708,
    "p50": 0.19206706706706708,
    "p90": 0.19206706706706708
  },
  "flesch_kincaid_grade": {
    "mean": 6.8733730158730175,
    "std": 0.0,
    "p10": 6.8733730158730175,
    "p50": 6.8733730158730175,
    "p90": 6.8733730158730175
  },
  "numeric_accuracy_rate": {
    "mean": 0.9166666666666666,
    "std": 0.0,
    "p10": 0.9166666666666666,
    "p50": 0.9166666666666666,
    "p90": 0.9166666666666666
  },
  "hallucination_rate": {
    "mean": 0.14285714285714285,
    "std": 0.0,
    "p10": 0.14285714285714285,
    "p50": 0.14285714285714285,
    "p90": 0.14285714285714285
  },
  "omission_rate": {
    "mean": 0.0,
    "std": 0.0,
    "p10": 0.0,
    "p50": 0.0,
    "p90": 0.0
  },
  "severity_weighted_omission_score": {
    "mean": 0.0,
    "std": 0.0,
    "p10": 0.0,
    "p50": 0.0,
    "p90": 0.0
  },
  "numeric_drift_index": {
    "mean": 0.001388888888888884,
    "std": 0.0,
    "p10": 0.001388888888888884,
    "p50": 0.001388888888888884,
    "p90": 0.001388888888888884
  },
  "arm_confusion_rate": {
    "mean": 0.21739130434782608,
    "std": 0.0,
    "p10": 0.21739130434782608,
    "p50": 0.21739130434782608,
    "p90": 0.21739130434782608
  },
  "safety_score": {
    "mean": 0.8916407867494824,
    "std": 0.0,
    "p10": 0.8916407867494824,
    "p50": 0.8916407867494824,
    "p90": 0.8916407867494824
  },
  "fluency_score": {
    "mean": 0.18217825744999658,
    "std": 0.0,
    "p10": 0.18217825744999658,
    "p50": 0.18217825744999658,
    "p90": 0.18217825744999658
  },
  "_meta": {
    "tier": "tier1",
    "mode": "dl_base",
    "n_examples": 1,
    "timestamp": "20260318_001640",
    "bertscore_model": "distilbert-base-uncased",
    "numeric_tolerance": 0.01,
    "mean_latency_ms": 0.0
  }
}