{
  "rouge_1": {
    "mean": 0.7912931533382938,
    "std": 0.008729887729485318,
    "p10": 0.7829359033412465,
    "p50": 0.7904191616766467,
    "p90": 0.7999999999999999
  },
  "rouge_2": {
    "mean": 0.5875279743543217,
    "std": 0.004973272310307036,
    "p10": 0.5828198149156234,
    "p50": 0.5868263473053892,
    "p90": 0.592516784612593
  },
  "rouge_l": {
    "mean": 0.7316491277799431,
    "std": 0.008455206118881103,
    "p10": 0.7236225773305461,
    "p50": 0.7305389221556886,
    "p90": 0.7401197604790419
  },
  "bertscore_f1": {
    "mean": 0.0,
    "std": 0.0,
    "p10": 0.0,
    "p50": 0.0,
    "p90": 0.0
  },
  "meteor": {
    "mean": 0.570803466896537,
    "std": 0.00416392028810747,
    "p10": 0.5676844789385219,
    "p50": 0.5681637740029543,
    "p90": 0.5749783320119852
  },
  "flesch_kincaid_grade": {
    "mean": 3.498895173453999,
    "std": 0.6513311545515045,
    "p10": 2.8346940045248887,
    "p50": 3.76261029411765,
    "p90": 4.057610294117649
  },
  "numeric_accuracy_rate": {
    "mean": 0.9522588522588523,
    "std": 0.01687987268257431,
    "p10": 0.9351648351648352,
    "p50": 0.9615384615384616,
    "p90": 0.9656410256410256
  },
  "hallucination_rate": {
    "mean": 0.16666666666666666,
    "std": 0.05892556509887896,
    "p10": 0.125,
    "p50": 0.125,
    "p90": 0.225
  },
  "omission_rate": {
    "mean": 0.0,
    "std": 0.0,
    "p10": 0.0,
    "p50": 0.0,
    "p90": 0.0
  },
  "severity_weighted_omission_score": {
    "mean": 0.0,
    "std": 0.0,
    "p10": 0.0,
    "p50": 0.0,
    "p90": 0.0
  },
  "numeric_drift_index": {
    "mean": 1190476.1912505252,
    "std": 1683587.5742980333,
    "p10": 0.0007287553304273143,
    "p50": 0.0007666751852798338,
    "p90": 2857142.8579658354
  },
  "arm_confusion_rate": {
    "mean": 0.5087719298245613,
    "std": 0.012405382126079766,
    "p10": 0.5,
    "p50": 0.5,
    "p90": 0.5210526315789473
  },
  "safety_score": {
    "mean": 0.8398695456590194,
    "std": 0.019566518476906918,
    "p10": 0.8200050607287448,
    "p50": 0.8500253036437246,
    "p90": 0.8556717273954115
  },
  "fluency_score": {
    "mean": 0.3621956050581172,
    "std": 0.003489829830324087,
    "p10": 0.35909776075837535,
    "p50": 0.36105284043981,
    "p90": 0.36575055520518185
  },
  "_meta": {
    "tier": "tier1",
    "mode": "finetuned",
    "n_examples": 3,
    "timestamp": "20260318_111331",
    "bertscore_model": "distilbert-base-uncased",
    "numeric_tolerance": 0.01,
    "mean_latency_ms": 0.0
  }
}