{
  "rouge_1": {
    "mean": 0.0,
    "std": 0.0,
    "p10": 0.0,
    "p50": 0.0,
    "p90": 0.0
  },
  "rouge_2": {
    "mean": 0.0,
    "std": 0.0,
    "p10": 0.0,
    "p50": 0.0,
    "p90": 0.0
  },
  "rouge_l": {
    "mean": 0.0,
    "std": 0.0,
    "p10": 0.0,
    "p50": 0.0,
    "p90": 0.0
  },
  "bertscore_f1": {
    "mean": 0.0,
    "std": 0.0,
    "p10": 0.0,
    "p50": 0.0,
    "p90": 0.0
  },
  "meteor": {
    "mean": 0.0,
    "std": 0.0,
    "p10": 0.0,
    "p50": 0.0,
    "p90": 0.0
  },
  "flesch_kincaid_grade": {
    "mean": 10.622784676213584,
    "std": 3.296397601634857,
    "p10": 7.4081668797954,
    "p50": 10.965999999999998,
    "p90": 13.497051282051284
  },
  "numeric_accuracy_rate": {
    "mean": 0.5160688370958101,
    "std": 0.39696855283532123,
    "p10": 0.0,
    "p50": 0.5,
    "p90": 1.0
  },
  "hallucination_rate": {
    "mean": 0.5052401302401303,
    "std": 0.4168505580939798,
    "p10": 0.0,
    "p50": 0.5,
    "p90": 1.0
  },
  "omission_rate": {
    "mean": 0.594331050213403,
    "std": 0.40399979250859563,
    "p10": 0.0,
    "p50": 0.6904761904761905,
    "p90": 1.0
  },
  "severity_weighted_omission_score": {
    "mean": 0.5601842957612188,
    "std": 0.4118339164033709,
    "p10": 0.0,
    "p50": 0.5857142857142856,
    "p90": 1.0
  },
  "numeric_drift_index": {
    "mean": 0.2627826501756367,
    "std": 0.5127919974828354,
    "p10": 0.0,
    "p50": 0.06961751266405689,
    "p90": 0.6104324221833296
  },
  "arm_confusion_rate": {
    "mean": 0.0,
    "std": 0.0,
    "p10": 0.0,
    "p50": 0.0,
    "p90": 0.0
  },
  "risk_deflation_index": {
    "mean": 0.0757090353424562,
    "std": 0.13093390307622318,
    "p10": 0.0,
    "p50": 0.020382050354133246,
    "p90": 0.19809404388714727
  },
  "risk_inflation_index": {
    "mean": 0.32525179933808074,
    "std": 0.5786815883811143,
    "p10": 0.0,
    "p50": 0.08002471234343836,
    "p90": 0.7577956989247312
  },
  "delta_preservation_error": {
    "mean": 0.0,
    "std": 0.0,
    "p10": 0.0,
    "p50": 0.0,
    "p90": 0.0
  },
  "contraindication_omission_rate": {
    "mean": 0.3974358974358974,
    "std": 0.46930782609546473,
    "p10": 0.0,
    "p50": 0.0,
    "p90": 1.0
  },
  "safety_score": {
    "mean": 0.5854478503808205,
    "std": 0.2721315470284909,
    "p10": 0.2,
    "p50": 0.6104166666666667,
    "p90": 0.9333333333333333
  },
  "fluency_score": {
    "mean": 0.0,
    "std": 0.0,
    "p10": 0.0,
    "p50": 0.0,
    "p90": 0.0
  },
  "_meta": {
    "tier": "tier2",
    "mode": "ml",
    "n_examples": 78,
    "timestamp": "20260318_232909",
    "bertscore_model": "distilbert-base-uncased",
    "numeric_tolerance": 0.01,
    "mean_latency_ms": 10.99
  }
}