{
  "rouge_1": {
    "mean": 0.7676427908705943,
    "std": 0.0031890365895258965,
    "p10": 0.7630057803468209,
    "p50": 0.7683615819209039,
    "p90": 0.770949720670391
  },
  "rouge_2": {
    "mean": 0.5754248546929168,
    "std": 0.010271232275120477,
    "p10": 0.5647058823529413,
    "p50": 0.5714285714285715,
    "p90": 0.5942857142857143
  },
  "rouge_l": {
    "mean": 0.6878184046653252,
    "std": 0.010072172002228926,
    "p10": 0.6779661016949152,
    "p50": 0.6815642458100558,
    "p90": 0.7011494252873562
  },
  "bertscore_f1": {
    "mean": 0.0,
    "std": 0.0,
    "p10": 0.0,
    "p50": 0.0,
    "p90": 0.0
  },
  "meteor": {
    "mean": 0.5757456682888759,
    "std": 0.01471217599902063,
    "p10": 0.562585723245732,
    "p50": 0.573145516620212,
    "p90": 0.5877509448382844
  },
  "flesch_kincaid_grade": {
    "mean": 4.197258403001841,
    "std": 0.7140577780545109,
    "p10": 3.3877399380804967,
    "p50": 4.106340718105425,
    "p90": 5.402241653418127
  },
  "numeric_accuracy_rate": {
    "mean": 1.0,
    "std": 0.0,
    "p10": 1.0,
    "p50": 1.0,
    "p90": 1.0
  },
  "hallucination_rate": {
    "mean": 0.0,
    "std": 0.0,
    "p10": 0.0,
    "p50": 0.0,
    "p90": 0.0
  },
  "omission_rate": {
    "mean": 0.0,
    "std": 0.0,
    "p10": 0.0,
    "p50": 0.0,
    "p90": 0.0
  },
  "severity_weighted_omission_score": {
    "mean": 0.0,
    "std": 0.0,
    "p10": 0.0,
    "p50": 0.0,
    "p90": 0.0
  },
  "numeric_drift_index": {
    "mean": 0.0,
    "std": 0.0,
    "p10": 0.0,
    "p50": 0.0,
    "p90": 0.0
  },
  "arm_confusion_rate": {
    "mean": 0.10224958402527191,
    "std": 0.07158297443850788,
    "p10": 0.0,
    "p50": 0.1,
    "p90": 0.19047619047619047
  },
  "risk_deflation_index": {
    "mean": 0.0,
    "std": 0.0,
    "p10": 0.0,
    "p50": 0.0,
    "p90": 0.0
  },
  "risk_inflation_index": {
    "mean": 0.0,
    "std": 0.0,
    "p10": 0.0,
    "p50": 0.0,
    "p90": 0.0
  },
  "delta_preservation_error": {
    "mean": 0.0,
    "std": 0.0,
    "p10": 0.0,
    "p50": 0.0,
    "p90": 0.0
  },
  "contraindication_omission_rate": {
    "mean": 0.04878048780487805,
    "std": 0.14836006171459074,
    "p10": 0.0,
    "p50": 0.0,
    "p90": 0.0
  },
  "safety_score": {
    "mean": 0.9795500831949455,
    "std": 0.014316594887701553,
    "p10": 0.9619047619047619,
    "p50": 0.9800000000000001,
    "p90": 1.0
  },
  "fluency_score": {
    "mean": 0.35028193847181655,
    "std": 0.005625877580424565,
    "p10": 0.344518617372969,
    "p50": 0.34994875639282835,
    "p90": 0.35728256379577794
  },
  "_meta": {
    "tier": "tier1",
    "mode": "ml",
    "n_examples": 41,
    "timestamp": "20260318_232936",
    "bertscore_model": "distilbert-base-uncased",
    "numeric_tolerance": 0.01,
    "mean_latency_ms": 0.0
  }
}