{
  "rouge_1": {
    "mean": 0.8151507635616341,
    "std": 0.008840905165906271,
    "p10": 0.8066612337455266,
    "p50": 0.8143712574850299,
    "p90": 0.8239520958083832
  },
  "rouge_2": {
    "mean": 0.5996007984031936,
    "std": 0.004980564329908349,
    "p10": 0.5949119941934313,
    "p50": 0.5988023952095808,
    "p90": 0.604608963890401
  },
  "rouge_l": {
    "mean": 0.7316491277799431,
    "std": 0.008455206118881103,
    "p10": 0.7236225773305461,
    "p50": 0.7305389221556886,
    "p90": 0.7401197604790419
  },
  "bertscore_f1": {
    "mean": 0.0,
    "std": 0.0,
    "p10": 0.0,
    "p50": 0.0,
    "p90": 0.0
  },
  "meteor": {
    "mean": 0.5825642708913891,
    "std": 0.004346483756375214,
    "p10": 0.5792119471393783,
    "p50": 0.579989930028637,
    "p90": 0.5869463309885007
  },
  "flesch_kincaid_grade": {
    "mean": 3.498895173453999,
    "std": 0.6513311545515045,
    "p10": 2.8346940045248887,
    "p50": 3.76261029411765,
    "p90": 4.057610294117649
  },
  "numeric_accuracy_rate": {
    "mean": 0.9880952380952381,
    "std": 0.016835875742536838,
    "p10": 0.9714285714285714,
    "p50": 1.0,
    "p90": 1.0
  },
  "hallucination_rate": {
    "mean": 0.041666666666666664,
    "std": 0.05892556509887896,
    "p10": 0.0,
    "p50": 0.0,
    "p90": 0.1
  },
  "omission_rate": {
    "mean": 0.0,
    "std": 0.0,
    "p10": 0.0,
    "p50": 0.0,
    "p90": 0.0
  },
  "severity_weighted_omission_score": {
    "mean": 0.0,
    "std": 0.0,
    "p10": 0.0,
    "p50": 0.0,
    "p90": 0.0
  },
  "numeric_drift_index": {
    "mean": 1190476.1905400474,
    "std": 1683587.574208531,
    "p10": 3.831417624521128e-05,
    "p50": 0.00019157088122605638,
    "p90": 2857142.8571811714
  },
  "arm_confusion_rate": {
    "mean": 0.5079365079365079,
    "std": 0.011223917161691244,
    "p10": 0.5,
    "p50": 0.5,
    "p90": 0.5190476190476191
  },
  "safety_score": {
    "mean": 0.883829365079365,
    "std": 0.019598213657984993,
    "p10": 0.864047619047619,
    "p50": 0.8952380952380953,
    "p90": 0.8990476190476191
  },
  "fluency_score": {
    "mean": 0.36513580605683016,
    "std": 0.003520379354806162,
    "p10": 0.3620356317757444,
    "p50": 0.3639160395009725,
    "p90": 0.3687238869602591
  },
  "_meta": {
    "tier": "tier1",
    "mode": "finetuned",
    "n_examples": 3,
    "timestamp": "20260318_111322",
    "bertscore_model": "distilbert-base-uncased",
    "numeric_tolerance": 0.01,
    "mean_latency_ms": 0.0
  }
}