{
  "rouge_1": {
    "mean": 0.7662032628705644,
    "std": 0.00215831905033953,
    "p10": 0.7644766076302927,
    "p50": 0.7662032628705644,
    "p90": 0.767929918110836
  },
  "rouge_2": {
    "mean": 0.569805194805195,
    "std": 0.0016233766233765823,
    "p10": 0.5685064935064936,
    "p50": 0.569805194805195,
    "p90": 0.5711038961038962
  },
  "rouge_l": {
    "mean": 0.6760617025328509,
    "std": 0.0019043991620643075,
    "p10": 0.6745381832031995,
    "p50": 0.6760617025328509,
    "p90": 0.6775852218625024
  },
  "bertscore_f1": {
    "mean": 0.0,
    "std": 0.0,
    "p10": 0.0,
    "p50": 0.0,
    "p90": 0.0
  },
  "meteor": {
    "mean": 0.5693967450725508,
    "std": 0.0037487715476612338,
    "p10": 0.5663977278344218,
    "p50": 0.5693967450725508,
    "p90": 0.5723957623106797
  },
  "flesch_kincaid_grade": {
    "mean": 3.6206346749226004,
    "std": 0.6986842105263147,
    "p10": 3.0616873065015486,
    "p50": 3.6206346749226004,
    "p90": 4.179582043343652
  },
  "numeric_accuracy_rate": {
    "mean": 1.0,
    "std": 0.0,
    "p10": 1.0,
    "p50": 1.0,
    "p90": 1.0
  },
  "hallucination_rate": {
    "mean": 0.0,
    "std": 0.0,
    "p10": 0.0,
    "p50": 0.0,
    "p90": 0.0
  },
  "omission_rate": {
    "mean": 0.0,
    "std": 0.0,
    "p10": 0.0,
    "p50": 0.0,
    "p90": 0.0
  },
  "severity_weighted_omission_score": {
    "mean": 0.0,
    "std": 0.0,
    "p10": 0.0,
    "p50": 0.0,
    "p90": 0.0
  },
  "numeric_drift_index": {
    "mean": 0.0,
    "std": 0.0,
    "p10": 0.0,
    "p50": 0.0,
    "p90": 0.0
  },
  "arm_confusion_rate": {
    "mean": 0.07894736842105263,
    "std": 0.07894736842105263,
    "p10": 0.015789473684210527,
    "p50": 0.07894736842105263,
    "p90": 0.14210526315789473
  },
  "safety_score": {
    "mean": 0.9842105263157894,
    "std": 0.01578947368421052,
    "p10": 0.9715789473684211,
    "p50": 0.9842105263157894,
    "p90": 0.9968421052631579
  },
  "fluency_score": {
    "mean": 0.34516769702799294,
    "std": 0.0015085126355345868,
    "p10": 0.3439608869195653,
    "p50": 0.34516769702799294,
    "p90": 0.3463745071364206
  },
  "_meta": {
    "tier": "tier1",
    "mode": "ml",
    "n_examples": 2,
    "timestamp": "20260318_001606",
    "bertscore_model": "distilbert-base-uncased",
    "numeric_tolerance": 0.01,
    "mean_latency_ms": 0.0
  }
}