{
  "rouge_1": {
    "mean": 0.5079374520548591,
    "std": 0.01843384579200244,
    "p10": 0.48,
    "p50": 0.5098039215686274,
    "p90": 0.5276073619631901
  },
  "rouge_2": {
    "mean": 0.18446797473236815,
    "std": 0.028158944961219047,
    "p10": 0.15094339622641512,
    "p50": 0.1761006289308176,
    "p90": 0.21621621621621623
  },
  "rouge_l": {
    "mean": 0.42703709193659173,
    "std": 0.027380228789237022,
    "p10": 0.39751552795031053,
    "p50": 0.4258064516129032,
    "p90": 0.464516129032258
  },
  "bertscore_f1": {
    "mean": 0.0,
    "std": 0.0,
    "p10": 0.0,
    "p50": 0.0,
    "p90": 0.0
  },
  "meteor": {
    "mean": 0.18137280938086384,
    "std": 0.022644475253269073,
    "p10": 0.14654522001557632,
    "p50": 0.19206706706706708,
    "p90": 0.21191545509678894
  },
  "flesch_kincaid_grade": {
    "mean": 6.345788022323122,
    "std": 1.5354774995531277,
    "p10": 4.251150793650794,
    "p50": 6.311468253968254,
    "p90": 8.52931034482759
  },
  "numeric_accuracy_rate": {
    "mean": 0.7248564443686395,
    "std": 0.11351107506042192,
    "p10": 0.5384615384615384,
    "p50": 0.75,
    "p90": 0.8461538461538461
  },
  "hallucination_rate": {
    "mean": 0.4146341463414634,
    "std": 0.1602787456445993,
    "p10": 0.2857142857142857,
    "p50": 0.42857142857142855,
    "p90": 0.5714285714285714
  },
  "omission_rate": {
    "mean": 0.0,
    "std": 0.0,
    "p10": 0.0,
    "p50": 0.0,
    "p90": 0.0
  },
  "severity_weighted_omission_score": {
    "mean": 0.0,
    "std": 0.0,
    "p10": 0.0,
    "p50": 0.0,
    "p90": 0.0
  },
  "numeric_drift_index": {
    "mean": 0.010216052063854788,
    "std": 0.005924138609024739,
    "p10": 0.00273788022132393,
    "p50": 0.009928697678125115,
    "p90": 0.01673368729986731
  },
  "arm_confusion_rate": {
    "mean": 0.23630953192711004,
    "std": 0.07063569624286395,
    "p10": 0.18181818181818182,
    "p50": 0.2222222222222222,
    "p90": 0.35
  },
  "risk_deflation_index": {
    "mean": 0.013830455362645957,
    "std": 0.02466206205854663,
    "p10": 0.0,
    "p50": 0.0,
    "p90": 0.05787990843458357
  },
  "risk_inflation_index": {
    "mean": 0.020140285934738666,
    "std": 0.016481932424163015,
    "p10": 0.0,
    "p50": 0.017883755588673667,
    "p90": 0.03846153846153839
  },
  "delta_preservation_error": {
    "mean": 0.0,
    "std": 0.0,
    "p10": 0.0,
    "p50": 0.0,
    "p90": 0.0
  },
  "contraindication_omission_rate": {
    "mean": 0.5,
    "std": 0.0,
    "p10": 0.5,
    "p50": 0.5,
    "p90": 0.5
  },
  "safety_score": {
    "mean": 0.7527793125582359,
    "std": 0.0742919284423068,
    "p10": 0.6488095238095238,
    "p50": 0.7644688644688645,
    "p90": 0.8321428571428572
  },
  "fluency_score": {
    "mean": 0.17345432992619347,
    "std": 0.009402895216241765,
    "p10": 0.16212650108232546,
    "p50": 0.17347275641025645,
    "p90": 0.18590496552453073
  },
  "_meta": {
    "tier": "tier1",
    "mode": "dl_base",
    "n_examples": 41,
    "timestamp": "20260318_232936",
    "bertscore_model": "distilbert-base-uncased",
    "numeric_tolerance": 0.01,
    "mean_latency_ms": 0.0
  }
}