{
  "rouge_1": {
    "mean": 0.5188386788063709,
    "std": 0.015700912157369892,
    "p10": 0.4968944099378882,
    "p50": 0.5217391304347827,
    "p90": 0.5394736842105263
  },
  "rouge_2": {
    "mean": 0.19326836729408103,
    "std": 0.030273595051730374,
    "p10": 0.15894039735099338,
    "p50": 0.18543046357615894,
    "p90": 0.22972972972972974
  },
  "rouge_l": {
    "mean": 0.42703709193659173,
    "std": 0.027380228789237022,
    "p10": 0.39751552795031053,
    "p50": 0.4258064516129032,
    "p90": 0.464516129032258
  },
  "bertscore_f1": {
    "mean": 0.0,
    "std": 0.0,
    "p10": 0.0,
    "p50": 0.0,
    "p90": 0.0
  },
  "meteor": {
    "mean": 0.18137280938086384,
    "std": 0.022644475253269073,
    "p10": 0.14654522001557632,
    "p50": 0.19206706706706708,
    "p90": 0.21191545509678894
  },
  "flesch_kincaid_grade": {
    "mean": 6.345788022323122,
    "std": 1.5354774995531277,
    "p10": 4.251150793650794,
    "p50": 6.311468253968254,
    "p90": 8.52931034482759
  },
  "numeric_accuracy_rate": {
    "mean": 0.7778867473989425,
    "std": 0.12413215062908392,
    "p10": 0.6153846153846154,
    "p50": 0.7692307692307693,
    "p90": 0.9166666666666666
  },
  "hallucination_rate": {
    "mean": 0.35540069686411146,
    "std": 0.1896315654939063,
    "p10": 0.14285714285714285,
    "p50": 0.2857142857142857,
    "p90": 0.5714285714285714
  },
  "omission_rate": {
    "mean": 0.0,
    "std": 0.0,
    "p10": 0.0,
    "p50": 0.0,
    "p90": 0.0
  },
  "severity_weighted_omission_score": {
    "mean": 0.0,
    "std": 0.0,
    "p10": 0.0,
    "p50": 0.0,
    "p90": 0.0
  },
  "numeric_drift_index": {
    "mean": 0.009215525561822722,
    "std": 0.0061158960685038875,
    "p10": 0.0010822510822510783,
    "p50": 0.00943496886840349,
    "p90": 0.015265258518663194
  },
  "arm_confusion_rate": {
    "mean": 0.24749762529072072,
    "std": 0.06271922163373701,
    "p10": 0.20833333333333334,
    "p50": 0.2222222222222222,
    "p90": 0.34782608695652173
  },
  "risk_deflation_index": {
    "mean": 0.01592869753366138,
    "std": 0.024915840162840888,
    "p10": 0.0,
    "p50": 0.0,
    "p90": 0.05787990843458357
  },
  "risk_inflation_index": {
    "mean": 0.008003042319100814,
    "std": 0.016740517270520953,
    "p10": 0.0,
    "p50": 0.0,
    "p90": 0.02999242658955558
  },
  "delta_preservation_error": {
    "mean": 0.0,
    "std": 0.0,
    "p10": 0.0,
    "p50": 0.0,
    "p90": 0.0
  },
  "contraindication_omission_rate": {
    "mean": 0.5,
    "std": 0.0,
    "p10": 0.5,
    "p50": 0.5,
    "p90": 0.5
  },
  "safety_score": {
    "mean": 0.7839106623154577,
    "std": 0.0856585367632062,
    "p10": 0.674908424908425,
    "p50": 0.773941798941799,
    "p90": 0.8916407867494824
  },
  "fluency_score": {
    "mean": 0.17345432992619347,
    "std": 0.009402895216241765,
    "p10": 0.16212650108232546,
    "p50": 0.17347275641025645,
    "p90": 0.18590496552453073
  },
  "_meta": {
    "tier": "tier1",
    "mode": "dl_base",
    "n_examples": 41,
    "timestamp": "20260318_231619",
    "bertscore_model": "distilbert-base-uncased",
    "numeric_tolerance": 0.01,
    "mean_latency_ms": 0.0
  }
}