{
  "rouge_1": {
    "mean": 0.8153314523017369,
    "std": 0.013094043703399585,
    "p10": 0.7972972972972973,
    "p50": 0.8165680473372782,
    "p90": 0.8263473053892216
  },
  "rouge_2": {
    "mean": 0.5978618980629604,
    "std": 0.016539248470378104,
    "p10": 0.5818181818181819,
    "p50": 0.5988023952095808,
    "p90": 0.6164383561643835
  },
  "rouge_l": {
    "mean": 0.7422447616903485,
    "std": 0.015082096698675674,
    "p10": 0.7305389221556886,
    "p50": 0.7425149700598802,
    "p90": 0.7607361963190185
  },
  "bertscore_f1": {
    "mean": 0.0,
    "std": 0.0,
    "p10": 0.0,
    "p50": 0.0,
    "p90": 0.0
  },
  "meteor": {
    "mean": 0.5852934189409004,
    "std": 0.01294567997332441,
    "p10": 0.5675646551724138,
    "p50": 0.5878305024279779,
    "p90": 0.595966599342839
  },
  "flesch_kincaid_grade": {
    "mean": 3.85065392369371,
    "std": 0.6867072937983928,
    "p10": 3.025110294117649,
    "p50": 3.76261029411765,
    "p90": 4.960056022408963
  },
  "numeric_accuracy_rate": {
    "mean": 0.9862135624168024,
    "std": 0.019975464093665456,
    "p10": 0.96,
    "p50": 1.0,
    "p90": 1.0
  },
  "hallucination_rate": {
    "mean": 0.04616724738675958,
    "std": 0.06681247132071308,
    "p10": 0.0,
    "p50": 0.0,
    "p90": 0.125
  },
  "omission_rate": {
    "mean": 0.0,
    "std": 0.0,
    "p10": 0.0,
    "p50": 0.0,
    "p90": 0.0
  },
  "severity_weighted_omission_score": {
    "mean": 0.0,
    "std": 0.0,
    "p10": 0.0,
    "p50": 0.0,
    "p90": 0.0
  },
  "numeric_drift_index": {
    "mean": 0.009807627236007616,
    "std": 0.055020659696898185,
    "p10": 0.0,
    "p50": 0.0,
    "p90": 0.0015151515151515165
  },
  "arm_confusion_rate": {
    "mean": 0.5061751505921847,
    "std": 0.017515367156423583,
    "p10": 0.5,
    "p50": 0.5,
    "p90": 0.5238095238095238
  },
  "risk_deflation_index": {
    "mean": 0.0,
    "std": 0.0,
    "p10": 0.0,
    "p50": 0.0,
    "p90": 0.0
  },
  "risk_inflation_index": {
    "mean": 0.0,
    "std": 0.0,
    "p10": 0.0,
    "p50": 0.0,
    "p90": 0.0
  },
  "delta_preservation_error": {
    "mean": 0.0,
    "std": 0.0,
    "p10": 0.0,
    "p50": 0.0,
    "p90": 0.0
  },
  "contraindication_omission_rate": {
    "mean": 0.04878048780487805,
    "std": 0.14836006171459074,
    "p10": 0.0,
    "p50": 0.0,
    "p90": 0.0
  },
  "safety_score": {
    "mean": 0.8823979048807539,
    "std": 0.022845673493521842,
    "p10": 0.8535326086956522,
    "p50": 0.8952380952380953,
    "p90": 0.9
  },
  "fluency_score": {
    "mean": 0.3689967832423296,
    "std": 0.005513624618595573,
    "p10": 0.36156552984443735,
    "p50": 0.369109993030976,
    "p90": 0.37604853469790356
  },
  "_meta": {
    "tier": "tier1",
    "mode": "finetuned",
    "n_examples": 41,
    "timestamp": "20260318_231619",
    "bertscore_model": "distilbert-base-uncased",
    "numeric_tolerance": 0.01,
    "mean_latency_ms": 0.0
  }
}