{
  "rouge_1": {
    "mean": 0.0,
    "std": 0.0,
    "p10": 0.0,
    "p50": 0.0,
    "p90": 0.0
  },
  "rouge_2": {
    "mean": 0.0,
    "std": 0.0,
    "p10": 0.0,
    "p50": 0.0,
    "p90": 0.0
  },
  "rouge_l": {
    "mean": 0.0,
    "std": 0.0,
    "p10": 0.0,
    "p50": 0.0,
    "p90": 0.0
  },
  "bertscore_f1": {
    "mean": 0.0,
    "std": 0.0,
    "p10": 0.0,
    "p50": 0.0,
    "p90": 0.0
  },
  "meteor": {
    "mean": 0.0,
    "std": 0.0,
    "p10": 0.0,
    "p50": 0.0,
    "p90": 0.0
  },
  "flesch_kincaid_grade": {
    "mean": 10.03118766334451,
    "std": 3.545180953599053,
    "p10": 7.317775653645885,
    "p50": 9.562096496883733,
    "p90": 12.024444444444448
  },
  "numeric_accuracy_rate": {
    "mean": 0.9001831501831503,
    "std": 0.21347212570957325,
    "p10": 0.5,
    "p50": 1.0,
    "p90": 1.0
  },
  "hallucination_rate": {
    "mean": 0.05448717948717949,
    "std": 0.14009747006168857,
    "p10": 0.0,
    "p50": 0.0,
    "p90": 0.25
  },
  "omission_rate": {
    "mean": 0.5772089022089021,
    "std": 0.40876794681942064,
    "p10": 0.0,
    "p50": 0.696969696969697,
    "p90": 1.0
  },
  "severity_weighted_omission_score": {
    "mean": 0.5387750032992948,
    "std": 0.41470749333116813,
    "p10": 0.0,
    "p50": 0.5357142857142857,
    "p90": 1.0
  },
  "numeric_drift_index": {
    "mean": 0.0329996578139028,
    "std": 0.08127967860009148,
    "p10": 0.0,
    "p50": 0.0,
    "p90": 0.16666666666666666
  },
  "arm_confusion_rate": {
    "mean": 0.0,
    "std": 0.0,
    "p10": 0.0,
    "p50": 0.0,
    "p90": 0.0
  },
  "risk_deflation_index": {
    "mean": 0.0021367521367521365,
    "std": 0.018749923904684027,
    "p10": 0.0,
    "p50": 0.0,
    "p90": 0.0
  },
  "risk_inflation_index": {
    "mean": 0.06617502068155943,
    "std": 0.22109166689470924,
    "p10": 0.0,
    "p50": 0.0,
    "p90": 0.3333333333333333
  },
  "delta_preservation_error": {
    "mean": 0.0,
    "std": 0.0,
    "p10": 0.0,
    "p50": 0.0,
    "p90": 0.0
  },
  "contraindication_omission_rate": {
    "mean": 0.1346153846153846,
    "std": 0.2960539291988587,
    "p10": 0.0,
    "p50": 0.0,
    "p90": 0.5
  },
  "safety_score": {
    "mean": 0.8360005272505274,
    "std": 0.13797080255540353,
    "p10": 0.6279166666666667,
    "p50": 0.8,
    "p90": 1.0
  },
  "fluency_score": {
    "mean": 0.0,
    "std": 0.0,
    "p10": 0.0,
    "p50": 0.0,
    "p90": 0.0
  },
  "_meta": {
    "tier": "tier2",
    "mode": "finetuned",
    "n_examples": 78,
    "timestamp": "20260318_232909",
    "bertscore_model": "distilbert-base-uncased",
    "numeric_tolerance": 0.01,
    "mean_latency_ms": 4.42
  }
}