{
  "rouge_1": {
    "mean": 0.8151507635616341,
    "std": 0.008840905165906271,
    "p10": 0.8066612337455266,
    "p50": 0.8143712574850299,
    "p90": 0.8239520958083832
  },
  "rouge_2": {
    "mean": 0.5956087824351297,
    "std": 0.007940584400320949,
    "p10": 0.5882489566321901,
    "p50": 0.593939393939394,
    "p90": 0.6036363636363636
  },
  "rouge_l": {
    "mean": 0.7197203226682728,
    "std": 0.008400786108381585,
    "p10": 0.711759912128406,
    "p50": 0.7185628742514969,
    "p90": 0.7281437125748502
  },
  "bertscore_f1": {
    "mean": 0.0,
    "std": 0.0,
    "p10": 0.0,
    "p50": 0.0,
    "p90": 0.0
  },
  "meteor": {
    "mean": 0.5825642708913891,
    "std": 0.004346483756375214,
    "p10": 0.5792119471393783,
    "p50": 0.579989930028637,
    "p90": 0.5869463309885007
  },
  "flesch_kincaid_grade": {
    "mean": 3.4169017094017113,
    "std": 0.6519157109607339,
    "p10": 2.7521057692307713,
    "p50": 3.681041666666669,
    "p90": 3.976041666666668
  },
  "numeric_accuracy_rate": {
    "mean": 0.9880952380952381,
    "std": 0.016835875742536838,
    "p10": 0.9714285714285714,
    "p50": 1.0,
    "p90": 1.0
  },
  "hallucination_rate": {
    "mean": 0.041666666666666664,
    "std": 0.05892556509887896,
    "p10": 0.0,
    "p50": 0.0,
    "p90": 0.1
  },
  "omission_rate": {
    "mean": 0.0,
    "std": 0.0,
    "p10": 0.0,
    "p50": 0.0,
    "p90": 0.0
  },
  "severity_weighted_omission_score": {
    "mean": 0.0,
    "std": 0.0,
    "p10": 0.0,
    "p50": 0.0,
    "p90": 0.0
  },
  "numeric_drift_index": {
    "mean": 1190476.1905400474,
    "std": 1683587.574208531,
    "p10": 3.831417624521128e-05,
    "p50": 0.00019157088122605638,
    "p90": 2857142.8571811714
  },
  "arm_confusion_rate": {
    "mean": 0.4920634920634921,
    "std": 0.011223917161691244,
    "p10": 0.4809523809523809,
    "p50": 0.5,
    "p90": 0.5
  },
  "safety_score": {
    "mean": 0.8870039682539682,
    "std": 0.02183306142474352,
    "p10": 0.8649999999999999,
    "p50": 0.9,
    "p90": 0.903809523809524
  },
  "fluency_score": {
    "mean": 0.3615571645233291,
    "std": 0.0035060334638160355,
    "p10": 0.35847683221510235,
    "p50": 0.36032322512971493,
    "p90": 0.36513107258900157
  },
  "_meta": {
    "tier": "tier1",
    "mode": "finetuned",
    "n_examples": 3,
    "timestamp": "20260318_111340",
    "bertscore_model": "distilbert-base-uncased",
    "numeric_tolerance": 0.01,
    "mean_latency_ms": 0.0
  }
}